Sample_ID,Sample,Sample_date,Location,Region,Date,Year,Source_detailed,Source,Phylogroup,ST
A81778_1,20211116alt1,20211116alt1,StGallen,Ostschweiz,16_11_2021,2021,wastewater,wastewater,D,38
A81779_1,20211116alt2,20211116alt2,StGallen,Ostschweiz,16_11_2021,2021,wastewater,wastewater,A,744
A81780_1,20211116alt3,20211116alt3,StGallen,Ostschweiz,16_11_2021,2021,wastewater,wastewater,B2,131
A81781_1,20211116alt4,20211116alt4,StGallen,Ostschweiz,16_11_2021,2021,wastewater,wastewater,A,744
A81782_1,20211116chu1,20211116chu1,Graubunden,Ostschweiz,16_11_2021,2021,wastewater,wastewater,D,405
A81783_1,20211116chu2,20211116chu2,Graubunden,Ostschweiz,16_11_2021,2021,wastewater,wastewater,A,361
A81784_1,20211116chu3,20211116chu3,Graubunden,Ostschweiz,16_11_2021,2021,wastewater,wastewater,A,361
A81785_1,20211116chu4,20211116chu4,Graubunden,Ostschweiz,16_11_2021,2021,wastewater,wastewater,D,394
A81787_1,20211116gen2,20211116gen2,Geneva,lémanique,16_11_2021,2021,wastewater,wastewater,B1,156
A81788_1,20211116gen3,20211116gen3,Geneva,lémanique,16_11_2021,2021,wastewater,wastewater,D,69
A81789_1,20211116gen4,20211116gen4,Geneva,lémanique,16_11_2021,2021,wastewater,wastewater,A,167
A81790_1,20211116lug1,20211116lug1,Ticino,Ticino,16_11_2021,2021,wastewater,wastewater,D,38
A81791_1,20211116lug2,20211116lug2,Ticino,Ticino,16_11_2021,2021,wastewater,wastewater,B2,131
A81792_1,20211116lug3,20211116lug3,Ticino,Ticino,16_11_2021,2021,wastewater,wastewater,B2,131
A81793_1,20211116lug4,20211116lug4,Ticino,Ticino,16_11_2021,2021,wastewater,wastewater,A,361
A81794_1,20211116sen1,20211116sen1,Bern,Mittelland,16_11_2021,2021,wastewater,wastewater,B2,131
A81795_1,20211116sen2,20211116sen2,Bern,Mittelland,16_11_2021,2021,wastewater,wastewater,D,349
A81796_1,20211116sen3,20211116sen3,Bern,Mittelland,16_11_2021,2021,wastewater,wastewater,D,69
A81797_1,20211116sen4,20211116sen4,Bern,Mittelland,16_11_2021,2021,wastewater,wastewater,A,10
A81798_1,20211116zur1,20211116zur1,Zurich,Zurich,16_11_2021,2021,wastewater,wastewater,B2,131
A81799_1,20211116zur2,20211116zur2,Zurich,Zurich,16_11_2021,2021,wastewater,wastewater,A,na
A81800_1,20211116zur3,20211116zur3,Zurich,Zurich,16_11_2021,2021,wastewater,wastewater,A,10
A81801_1,20211116zur4,20211116zur4,Zurich,Zurich,16_11_2021,2021,wastewater,wastewater,A,2531
A81802_1,20211123alt1,20211123alt1,StGallen,Ostschweiz,23_11_2021,2021,wastewater,wastewater,B2,1193
A81803_1,20211123alt2,20211123alt2,StGallen,Ostschweiz,23_11_2021,2021,wastewater,wastewater,A,226
A81804_1,20211123alt3,20211123alt3,StGallen,Ostschweiz,23_11_2021,2021,wastewater,wastewater,A,10
A81806_1,20211123chu1,20211123chu1,Graubunden,Ostschweiz,23_11_2021,2021,wastewater,wastewater,A,361
A81807_1,20211123chu2,20211123chu2,Graubunden,Ostschweiz,23_11_2021,2021,wastewater,wastewater,A,10
A81808_1,20211123chu3,20211123chu3,Graubunden,Ostschweiz,23_11_2021,2021,wastewater,wastewater,D,3268
A81809_1,20211123chu4,20211123chu4,Graubunden,Ostschweiz,23_11_2021,2021,wastewater,wastewater,A,361
A81810_1,20211123gen1,20211123gen1,Geneva,lémanique,23_11_2021,2021,wastewater,wastewater,B1,517
A81811_1,20211123gen2,20211123gen2,Geneva,lémanique,23_11_2021,2021,wastewater,wastewater,D,69
A81812_1,20211123gen3,20211123gen3,Geneva,lémanique,23_11_2021,2021,wastewater,wastewater,A,10
A81814_1,20211123lug1,20211123lug1,Ticino,Ticino,23_11_2021,2021,wastewater,wastewater,B2,131
A81815_1,20211123lug2,20211123lug2,Ticino,Ticino,23_11_2021,2021,wastewater,wastewater,A,10
A81817_1,20211123lug3,20211123lug3,Ticino,Ticino,23_11_2021,2021,wastewater,wastewater,B2,131
A81818_1,20211123sen1,20211123sen1,Bern,Mittelland,23_11_2021,2021,wastewater,wastewater,B2,na
A81819_1,20211123sen2,20211123sen2,Bern,Mittelland,23_11_2021,2021,wastewater,wastewater,D,38
A81820_1,20211123sen3,20211123sen3,Bern,Mittelland,23_11_2021,2021,wastewater,wastewater,F,1722
A81822_1,20211123zur1,20211123zur1,Zurich,Zurich,23_11_2021,2021,wastewater,wastewater,B2,131
A81823_1,20211123zur2,20211123zur2,Zurich,Zurich,23_11_2021,2021,wastewater,wastewater,B2,131
A81824_1,20211123zur3,20211123zur3,Zurich,Zurich,23_11_2021,2021,wastewater,wastewater,A,10
A81825_1,20211123zur4,20211123zur4,Zurich,Zurich,23_11_2021,2021,wastewater,wastewater,B2,1193
A81827_1,20211214alt2,20211214alt2,StGallen,Ostschweiz,14_12_2021,2021,wastewater,wastewater,A,10
A81828_1,20211214alt3,20211214alt3,StGallen,Ostschweiz,14_12_2021,2021,wastewater,wastewater,D,38
A81829_1,20211214alt4,20211214alt4,StGallen,Ostschweiz,14_12_2021,2021,wastewater,wastewater,B1,1167
A81830_1,20211214chu1,20211214chu1,Graubunden,Ostschweiz,14_12_2021,2021,wastewater,wastewater,B2,131
A81831_1,20211214chu2,20211214chu2,Graubunden,Ostschweiz,14_12_2021,2021,wastewater,wastewater,D,38
A81832_1,20211214chu3,20211214chu3,Graubunden,Ostschweiz,14_12_2021,2021,wastewater,wastewater,B2,141
A81833_1,20211214chu4,20211214chu4,Graubunden,Ostschweiz,14_12_2021,2021,wastewater,wastewater,B2,131
A81834_1,20211214gen1,20211214gen1,Geneva,lémanique,14_12_2021,2021,wastewater,wastewater,B2,131
A81835_1,20211214gen2,20211214gen2,Geneva,lémanique,14_12_2021,2021,wastewater,wastewater,B2,131
A81836_1,20211214gen3,20211214gen3,Geneva,lémanique,14_12_2021,2021,wastewater,wastewater,B1,155
A81837_1,20211214gen4,20211214gen4,Geneva,lémanique,14_12_2021,2021,wastewater,wastewater,F,59
A81838_1,20211214lug1,20211214lug1,Ticino,Ticino,14_12_2021,2021,wastewater,wastewater,B2,2013
A81839_1,20211214lug2,20211214lug2,Ticino,Ticino,14_12_2021,2021,wastewater,wastewater,D,38
A81840_1,20211214lug3,20211214lug3,Ticino,Ticino,14_12_2021,2021,wastewater,wastewater,D,38
A81841_1,20211214lug4,20211214lug4,Ticino,Ticino,14_12_2021,2021,wastewater,wastewater,F,1485
A81842_1,20211214sen1,20211214sen1,Bern,Mittelland,14_12_2021,2021,wastewater,wastewater,B2,73
A81843_1,20211214sen2,20211214sen2,Bern,Mittelland,14_12_2021,2021,wastewater,wastewater,D,38
A81844_1,20211214sen3,20211214sen3,Bern,Mittelland,14_12_2021,2021,wastewater,wastewater,A,361
A81845_1,20211214sen4,20211214sen4,Bern,Mittelland,14_12_2021,2021,wastewater,wastewater,D,69
A81847_1,20211214zur2,20211214zur2,Zurich,Zurich,14_12_2021,2021,wastewater,wastewater,F,354
A81848_1,20211214zur3,20211214zur3,Zurich,Zurich,14_12_2021,2021,wastewater,wastewater,B2,131
A81849_1,20211214zur4,20211214zur4,Zurich,Zurich,14_12_2021,2021,wastewater,wastewater,D,656
A81850_1,20220118alt1,20220118alt1,StGallen,Ostschweiz,18_01_2022,2022,wastewater,wastewater,A,1598
A81852_1,20220118alt3,20220118alt3,StGallen,Ostschweiz,18_01_2022,2022,wastewater,wastewater,F,1722
A81853_1,20220118alt4,20220118alt4,StGallen,Ostschweiz,18_01_2022,2022,wastewater,wastewater,F,648
A81854_1,20220118chu1,20220118chu1,Graubunden,Ostschweiz,18_01_2022,2022,wastewater,wastewater,B2,131
A81855_1,20220118chu2,20220118chu2,Graubunden,Ostschweiz,18_01_2022,2022,wastewater,wastewater,A,93
A81856_1,20220118chu3,20220118chu3,Graubunden,Ostschweiz,18_01_2022,2022,wastewater,wastewater,D,38
A81857_1,20220118chu4,20220118chu4,Graubunden,Ostschweiz,18_01_2022,2022,wastewater,wastewater,B2,131
A81858_1,20220118gen1,20220118gen1,Geneva,lémanique,18_01_2022,2022,wastewater,wastewater,F,648
A81859_1,20220118gen2,20220118gen2,Geneva,lémanique,18_01_2022,2022,wastewater,wastewater,B1,1431
A81860_1,20220118gen3,20220118gen3,Geneva,lémanique,18_01_2022,2022,wastewater,wastewater,A,na
A81861_1,20220118gen4,20220118gen4,Geneva,lémanique,18_01_2022,2022,wastewater,wastewater,A,na
A81862_1,20220118lug1,20220118lug1,Ticino,Ticino,18_01_2022,2022,wastewater,wastewater,B2,131
A81863_1,20220118lug2,20220118lug2,Ticino,Ticino,18_01_2022,2022,wastewater,wastewater,B2,131
A81864_1,20220118lug3,20220118lug3,Ticino,Ticino,18_01_2022,2022,wastewater,wastewater,D,38
A81865_1,20220118lug4,20220118lug4,Ticino,Ticino,18_01_2022,2022,wastewater,wastewater,B2,131
A81866_1,20220118sen1,20220118sen1,Bern,Mittelland,18_01_2022,2022,wastewater,wastewater,A,10
A81867_1,20220118sen2,20220118sen2,Bern,Mittelland,18_01_2022,2022,wastewater,wastewater,B2,80
A81868_1,20220118sen3,20220118sen3,Bern,Mittelland,18_01_2022,2022,wastewater,wastewater,B2,131
A81869_1,20220118sen4,20220118sen4,Bern,Mittelland,18_01_2022,2022,wastewater,wastewater,B2,131
A81874_1,20220118zur1,20220118zur1,Zurich,Zurich,18_01_2022,2022,wastewater,wastewater,B1,517
A81875_1,20220118zur2,20220118zur2,Zurich,Zurich,18_01_2022,2022,wastewater,wastewater,D,38
A81876_1,20220118zur3,20220118zur3,Zurich,Zurich,18_01_2022,2022,wastewater,wastewater,A,na
A81877_1,20220118zur4,20220118zur4,Zurich,Zurich,18_01_2022,2022,wastewater,wastewater,D,69
A81878_1,20220215alt1,20220215alt1,StGallen,Ostschweiz,15_02_2022,2022,wastewater,wastewater,D,394
A81879_1,20220215alt2,20220215alt2,StGallen,Ostschweiz,15_02_2022,2022,wastewater,wastewater,F,648
A81880_1,20220215alt3,20220215alt3,StGallen,Ostschweiz,15_02_2022,2022,wastewater,wastewater,D,69
A81881_1,20220215alt4,20220215alt4,StGallen,Ostschweiz,15_02_2022,2022,wastewater,wastewater,A,10
A81882_1,20220215chu1,20220215chu1,Graubunden,Ostschweiz,15_02_2022,2022,wastewater,wastewater,B2,131
A81883_1,20220215chu2,20220215chu2,Graubunden,Ostschweiz,15_02_2022,2022,wastewater,wastewater,B1,12116
A81884_1,20220215chu3,20220215chu3,Graubunden,Ostschweiz,15_02_2022,2022,wastewater,wastewater,B2,131
A81885_1,20220215chu4,20220215chu4,Graubunden,Ostschweiz,15_02_2022,2022,wastewater,wastewater,A,43
A81886_1,20220215gen1,20220215gen1,Geneva,lémanique,15_02_2022,2022,wastewater,wastewater,A,23
A81887_1,20220215gen2,20220215gen2,Geneva,lémanique,15_02_2022,2022,wastewater,wastewater,B2,131
A81888_1,20220215gen3,20220215gen3,Geneva,lémanique,15_02_2022,2022,wastewater,wastewater,B2,131
A81890_1,20220215lug1,20220215lug1,Ticino,Ticino,15_02_2022,2022,wastewater,wastewater,A,361
A81892_1,20220215lug3,20220215lug3,Ticino,Ticino,15_02_2022,2022,wastewater,wastewater,D,361
A81893_1,20220215lug4,20220215lug4,Ticino,Ticino,15_02_2022,2022,wastewater,wastewater,A,361
A81894_1,20220215sen1,20220215sen1,Bern,Mittelland,15_02_2022,2022,wastewater,wastewater,B2,131
A81895_1,20220215sen2,20220215sen2,Bern,Mittelland,15_02_2022,2022,wastewater,wastewater,D,7401
A81896_1,20220215sen3,20220215sen3,Bern,Mittelland,15_02_2022,2022,wastewater,wastewater,D,10
A81897_1,20220215sen4,20220215sen4,Bern,Mittelland,15_02_2022,2022,wastewater,wastewater,B2,73
A81898_1,20220215zur1,20220215zur1,Zurich,Zurich,15_02_2022,2022,wastewater,wastewater,A,10
A81900_1,20220215zur3,20220215zur3,Zurich,Zurich,15_02_2022,2022,wastewater,wastewater,A,656
A81901_1,20220215zur4,20220215zur4,Zurich,Zurich,15_02_2022,2022,wastewater,wastewater,B1,156
A81902_1,20220315alt1,20220315alt1,StGallen,Ostschweiz,15_03_2022,2022,wastewater,wastewater,A,2253
A81903_1,20220315alt2,20220315alt2,StGallen,Ostschweiz,15_03_2022,2022,wastewater,wastewater,D,na
A81904_1,20220315alt3,20220315alt3,StGallen,Ostschweiz,15_03_2022,2022,wastewater,wastewater,B2,131
A81905_1,20220315alt4,20220315alt4,StGallen,Ostschweiz,15_03_2022,2022,wastewater,wastewater,F,648
A81906_1,20220315chu1,20220315chu1,Graubunden,Ostschweiz,15_03_2022,2022,wastewater,wastewater,D,38
A81907_1,20220315chu2,20220315chu2,Graubunden,Ostschweiz,15_03_2022,2022,wastewater,wastewater,A,10
A81908_1,20220315chu3,20220315chu3,Graubunden,Ostschweiz,15_03_2022,2022,wastewater,wastewater,B2,104
A81909_1,20220315chu4,20220315chu4,Graubunden,Ostschweiz,15_03_2022,2022,wastewater,wastewater,D,38
A81910_1,20220315gen1,20220315gen1,Geneva,lémanique,15_03_2022,2022,wastewater,wastewater,B2,131
A81911_1,20220315gen2,20220315gen2,Geneva,lémanique,15_03_2022,2022,wastewater,wastewater,F,457
A81913_1,20220315gen4,20220315gen4,Geneva,lémanique,15_03_2022,2022,wastewater,wastewater,D,38
A81914_1,20220315lug1,20220315lug1,Ticino,Ticino,15_03_2022,2022,wastewater,wastewater,B2,131
A81916_1,20220315lug3,20220315lug3,Ticino,Ticino,15_03_2022,2022,wastewater,wastewater,D,31
A81917_1,20220315lug4,20220315lug4,Ticino,Ticino,15_03_2022,2022,wastewater,wastewater,A,10
A81918_1,20220315sen1,20220315sen1,Bern,Mittelland,15_03_2022,2022,wastewater,wastewater,A,2541
A81919_1,20220315sen2,20220315sen2,Bern,Mittelland,15_03_2022,2022,wastewater,wastewater,B2,na
A81920_1,20220315sen3,20220315sen3,Bern,Mittelland,15_03_2022,2022,wastewater,wastewater,A,4305
A81922_1,20220315zur1,20220315zur1,Zurich,Zurich,15_03_2022,2022,wastewater,wastewater,A,10
A81923_1,20220315zur2,20220315zur2,Zurich,Zurich,15_03_2022,2022,wastewater,wastewater,B2,131
A81924_1,20220315zur3,20220315zur3,Zurich,Zurich,15_03_2022,2022,wastewater,wastewater,B2,1193
A81925_1,20220315zur4,20220315zur4,Zurich,Zurich,15_03_2022,2022,wastewater,wastewater,D,1400
A81926_1,20220412alt1,20220412alt1,StGallen,Ostschweiz,12_04_2022,2022,wastewater,wastewater,B1,29
A81927_1,20220412alt2,20220412alt2,StGallen,Ostschweiz,12_04_2022,2022,wastewater,wastewater,A,93
A81928_1,20220412alt3,20220412alt3,StGallen,Ostschweiz,12_04_2022,2022,wastewater,wastewater,A,93
A81929_1,20220412alt4,20220412alt4,StGallen,Ostschweiz,12_04_2022,2022,wastewater,wastewater,A,10
A81930_1,20220412chu1,20220412chu1,Graubunden,Ostschweiz,12_04_2022,2022,wastewater,wastewater,B1,1196
A81931_1,20220412chu2,20220412chu2,Graubunden,Ostschweiz,12_04_2022,2022,wastewater,wastewater,A,744
A81932_1,20220412chu3,20220412chu3,Graubunden,Ostschweiz,12_04_2022,2022,wastewater,wastewater,D,69
A81933_1,20220412chu4,20220412chu4,Graubunden,Ostschweiz,12_04_2022,2022,wastewater,wastewater,D,69
A81934_1,20220412gen1,20220412gen1,Geneva,lémanique,12_04_2022,2022,wastewater,wastewater,B2,131
A81935_1,20220412gen2,20220412gen2,Geneva,lémanique,12_04_2022,2022,wastewater,wastewater,B2,131
A81936_1,20220412gen3,20220412gen3,Geneva,lémanique,12_04_2022,2022,wastewater,wastewater,F,12
A81937_1,20220412gen4,20220412gen4,Geneva,lémanique,12_04_2022,2022,wastewater,wastewater,A,226
A81938_1,20220412lug1,20220412lug1,Ticino,Ticino,12_04_2022,2022,wastewater,wastewater,D,69
A81940_1,20220412lug3,20220412lug3,Ticino,Ticino,12_04_2022,2022,wastewater,wastewater,B2,1193
A81941_1,20220412lug4,20220412lug4,Ticino,Ticino,12_04_2022,2022,wastewater,wastewater,B2,131
A81943_1,20220412sen2,20220412sen2,Bern,Mittelland,12_04_2022,2022,wastewater,wastewater,A,410
A81944_1,20220412sen3,20220412sen3,Bern,Mittelland,12_04_2022,2022,wastewater,wastewater,B2,131
A81945_1,20220412sen4,20220412sen4,Bern,Mittelland,12_04_2022,2022,wastewater,wastewater,B2,na
A81946_1,20220412zur1,20220412zur1,Zurich,Zurich,12_04_2022,2022,wastewater,wastewater,D,69
A81947_1,20220412zur2,20220412zur2,Zurich,Zurich,12_04_2022,2022,wastewater,wastewater,B2,1193
A81948_1,20220412zur3,20220412zur3,Zurich,Zurich,12_04_2022,2022,wastewater,wastewater,D,69
A81949_1,20220412zur4,20220412zur4,Zurich,Zurich,12_04_2022,2022,wastewater,wastewater,D,38
A81950_1,20220510alt1,20220510alt1,StGallen,Ostschweiz,10_05_2022,2022,wastewater,wastewater,B1,1431
A81951_1,20220510alt2,20220510alt2,StGallen,Ostschweiz,10_05_2022,2022,wastewater,wastewater,A,10
A81952_1,20220510alt3,20220510alt3,StGallen,Ostschweiz,10_05_2022,2022,wastewater,wastewater,B2,131
A81953_1,20220510alt4,20220510alt4,StGallen,Ostschweiz,10_05_2022,2022,wastewater,wastewater,D,38
A81954_1,20220510chu1,20220510chu1,Graubunden,Ostschweiz,10_05_2022,2022,wastewater,wastewater,D,38
A81955_1,20220510chu2,20220510chu2,Graubunden,Ostschweiz,10_05_2022,2022,wastewater,wastewater,B2,131
A81957_1,20220510chu3,20220510chu3,Graubunden,Ostschweiz,10_05_2022,2022,wastewater,wastewater,B2,131
A81958_1,20220510gen1,20220510gen1,Geneva,lémanique,10_05_2022,2022,wastewater,wastewater,D,2797
A81959_1,20220510gen2,20220510gen2,Geneva,lémanique,10_05_2022,2022,wastewater,wastewater,B2,131
A81960_1,20220510gen3,20220510gen3,Geneva,lémanique,10_05_2022,2022,wastewater,wastewater,A,10
A81961_1,20220510gen4,20220510gen4,Geneva,lémanique,10_05_2022,2022,wastewater,wastewater,B2,131
A81962_1,20220510lug1,20220510lug1,Ticino,Ticino,10_05_2022,2022,wastewater,wastewater,D,69
A81963_1,20220510lug2,20220510lug2,Ticino,Ticino,10_05_2022,2022,wastewater,wastewater,B2,131
A81964_1,20220510lug3,20220510lug3,Ticino,Ticino,10_05_2022,2022,wastewater,wastewater,D,na
A81970_1,20220510lug4,20220510lug4,Ticino,Ticino,10_05_2022,2022,wastewater,wastewater,B2,131
A81972_1,20220510sen2,20220510sen2,Bern,Mittelland,10_05_2022,2022,wastewater,wastewater,B2,131
A81973_1,20220510sen3,20220510sen3,Bern,Mittelland,10_05_2022,2022,wastewater,wastewater,B2,131
A81974_1,20220510sen4,20220510sen4,Bern,Mittelland,10_05_2022,2022,wastewater,wastewater,A,na
A81975_1,20220510zur1,20220510zur1,Zurich,Zurich,10_05_2022,2022,wastewater,wastewater,B2,1193
A81976_1,20220510zur2,20220510zur2,Zurich,Zurich,10_05_2022,2022,wastewater,wastewater,B2,131
A81978_1,20220510zur4,20220510zur4,Zurich,Zurich,10_05_2022,2022,wastewater,wastewater,B1,10955
A81979_1,20220607alt1,20220607alt1,StGallen,Ostschweiz,07_06_2022,2022,wastewater,wastewater,D,6746
A81980_1,20220607alt3,20220607alt3,StGallen,Ostschweiz,07_06_2022,2022,wastewater,wastewater,A,10
A81981_1,20220607alt5,20220607alt5,StGallen,Ostschweiz,07_06_2022,2022,wastewater,wastewater,E,753
A81982_1,20220607alt7,20220607alt7,StGallen,Ostschweiz,07_06_2022,2022,wastewater,wastewater,G,131
A81983_1,20220607alt9,20220607alt9,StGallen,Ostschweiz,07_06_2022,2022,wastewater,wastewater,D,38
A81984_1,20220607chu10,20220607chu10,Graubunden,Ostschweiz,07_06_2022,2022,wastewater,wastewater,A,216
A81985_1,20220607chu2,20220607chu2,Graubunden,Ostschweiz,07_06_2022,2022,wastewater,wastewater,D,38
A81986_1,20220607chu4,20220607chu4,Graubunden,Ostschweiz,07_06_2022,2022,wastewater,wastewater,B2,131
A81987_1,20220607chu6,20220607chu6,Graubunden,Ostschweiz,07_06_2022,2022,wastewater,wastewater,B2,1193
A81988_1,20220607chu8,20220607chu8,Graubunden,Ostschweiz,07_06_2022,2022,wastewater,wastewater,A,na
A81989_1,20220607gen1,20220607gen1,Geneva,lémanique,07_06_2022,2022,wastewater,wastewater,B2,131
A81990_1,20220607gen3,20220607gen3,Geneva,lémanique,07_06_2022,2022,wastewater,wastewater,A,7087
A81991_1,20220607gen5,20220607gen5,Geneva,lémanique,07_06_2022,2022,wastewater,wastewater,A,226
A81992_1,20220607gen7,20220607gen7,Geneva,lémanique,07_06_2022,2022,wastewater,wastewater,D,38
A81993_1,20220607gen9,20220607gen9,Geneva,lémanique,07_06_2022,2022,wastewater,wastewater,B2,1193
A81994_1,20220607lug1,20220607lug1,Ticino,Ticino,07_06_2022,2022,wastewater,wastewater,B2,131
A81995_1,20220607lug3,20220607lug3,Ticino,Ticino,07_06_2022,2022,wastewater,wastewater,D,69
A81996_1,20220607lug5,20220607lug5,Ticino,Ticino,07_06_2022,2022,wastewater,wastewater,A,361
A81997_1,20220607lug7,20220607lug7,Ticino,Ticino,07_06_2022,2022,wastewater,wastewater,B2,131
A81998_1,20220607lug9,20220607lug9,Ticino,Ticino,07_06_2022,2022,wastewater,wastewater,B2,131
A81999_1,20220607sen1,20220607sen1,Bern,Mittelland,07_06_2022,2022,wastewater,wastewater,D,131
A82000_1,20220607sen3,20220607sen3,Bern,Mittelland,07_06_2022,2022,wastewater,wastewater,B1,155
A82001_1,20220607sen5,20220607sen5,Bern,Mittelland,07_06_2022,2022,wastewater,wastewater,D,69
A82002_1,20220607sen7,20220607sen7,Bern,Mittelland,07_06_2022,2022,wastewater,wastewater,D,1193
A82003_1,20220607sen9,20220607sen9,Bern,Mittelland,07_06_2022,2022,wastewater,wastewater,B2,1193
A82004_1,20220607zur1,20220607zur1,Zurich,Zurich,07_06_2022,2022,wastewater,wastewater,B1,4681
A82005_1,20220607zur3,20220607zur3,Zurich,Zurich,07_06_2022,2022,wastewater,wastewater,G,657
A82006_1,20220607zur5,20220607zur5,Zurich,Zurich,07_06_2022,2022,wastewater,wastewater,D,7401
A82007_1,20220607zur7,20220607zur7,Zurich,Zurich,07_06_2022,2022,wastewater,wastewater,B1,4681
A82008_1,20220607zur9,20220607zur9,Zurich,Zurich,07_06_2022,2022,wastewater,wastewater,F,648
A82009_1,20220705alt1,20220705alt1,StGallen,Ostschweiz,05_07_2022,2022,wastewater,wastewater,D,38
A82010_1,20220705alt3,20220705alt3,StGallen,Ostschweiz,05_07_2022,2022,wastewater,wastewater,D,38
A82012_1,20220705alt7,20220705alt7,StGallen,Ostschweiz,05_07_2022,2022,wastewater,wastewater,D,38
A82013_1,20220705alt9,20220705alt9,StGallen,Ostschweiz,05_07_2022,2022,wastewater,wastewater,D,69
A82014_1,20220705chu1,20220705chu1,Graubunden,Ostschweiz,05_07_2022,2022,wastewater,wastewater,F,1722
A82015_1,20220705chu3,20220705chu3,Graubunden,Ostschweiz,05_07_2022,2022,wastewater,wastewater,A,10
A82017_1,20220705chu7,20220705chu7,Graubunden,Ostschweiz,05_07_2022,2022,wastewater,wastewater,A,6082
A82018_1,20220705chu9,20220705chu9,Graubunden,Ostschweiz,05_07_2022,2022,wastewater,wastewater,B2,10320
A82020_1,20220705gen3,20220705gen3,Geneva,lémanique,05_07_2022,2022,wastewater,wastewater,A,410
A82021_1,20220705gen5,20220705gen5,Geneva,lémanique,05_07_2022,2022,wastewater,wastewater,B1,5614
A82022_1,20220705gen7,20220705gen7,Geneva,lémanique,05_07_2022,2022,wastewater,wastewater,B1,1148
A82023_1,20220705sen5,20220705sen5,Bern,Mittelland,05_07_2022,2022,wastewater,wastewater,A,10
A82027_1,20220705lug7,20220705lug7,Ticino,Ticino,05_07_2022,2022,wastewater,wastewater,A,5264
A82028_1,20220705lug9,20220705lug9,Ticino,Ticino,05_07_2022,2022,wastewater,wastewater,D,349
A82030_1,20220705sen3,20220705sen3,Bern,Mittelland,05_07_2022,2022,wastewater,wastewater,D,69
A82032_1,20220705sen7,20220705sen7,Bern,Mittelland,05_07_2022,2022,wastewater,wastewater,D,69
A82033_1,20220705sen9,20220705sen9,Bern,Mittelland,05_07_2022,2022,wastewater,wastewater,D,5051
A82034_1,20220705zur1,20220705zur1,Zurich,Zurich,05_07_2022,2022,wastewater,wastewater,D,101
A82035_1,20220705zur3,20220705zur3,Zurich,Zurich,05_07_2022,2022,wastewater,wastewater,D,69
A82036_1,20220705zur5,20220705zur5,Zurich,Zurich,05_07_2022,2022,wastewater,wastewater,B1,58
A82037_1,20220705zur7,20220705zur7,Zurich,Zurich,05_07_2022,2022,wastewater,wastewater,B1,517
A82038_1,20220705zur9,20220705zur9,Zurich,Zurich,05_07_2022,2022,wastewater,wastewater,F,1722
A82039_1,20220802alt1,20220802alt1,StGallen,Ostschweiz,02_08_2022,2022,wastewater,wastewater,B2,131
A82040_1,20220802alt3,20220802alt3,StGallen,Ostschweiz,02_08_2022,2022,wastewater,wastewater,A,10
A82041_1,20220802alt5,20220802alt5,StGallen,Ostschweiz,02_08_2022,2022,wastewater,wastewater,B2,636
A82042_1,20220802alt7,20220802alt7,StGallen,Ostschweiz,02_08_2022,2022,wastewater,wastewater,F,648
A82043_1,20220802alt9,20220802alt9,StGallen,Ostschweiz,02_08_2022,2022,wastewater,wastewater,E,2792
A82044_1,20220802chu1,20220802chu1,Graubunden,Ostschweiz,02_08_2022,2022,wastewater,wastewater,A,773
A82045_1,20220802chu3,20220802chu3,Graubunden,Ostschweiz,02_08_2022,2022,wastewater,wastewater,B1,212
A82046_1,20220802chu5,20220802chu5,Graubunden,Ostschweiz,02_08_2022,2022,wastewater,wastewater,D,6958
A82047_1,20220802chu7,20220802chu7,Graubunden,Ostschweiz,02_08_2022,2022,wastewater,wastewater,A,744
A82048_1,20220802chu9,20220802chu9,Graubunden,Ostschweiz,02_08_2022,2022,wastewater,wastewater,B1,278
A82049_1,20220802gen1,20220802gen1,Geneva,lémanique,02_08_2022,2022,wastewater,wastewater,A,773
A82050_1,20220802gen3,20220802gen3,Geneva,lémanique,02_08_2022,2022,wastewater,wastewater,A,10
A82051_1,20220802gen5,20220802gen5,Geneva,lémanique,02_08_2022,2022,wastewater,wastewater,A,7588
A82052_1,20220802gen7,20220802gen7,Geneva,lémanique,02_08_2022,2022,wastewater,wastewater,A,43
A82053_1,20220802gen9,20220802gen9,Geneva,lémanique,02_08_2022,2022,wastewater,wastewater,A,8149
A82055_1,20220802lug3,20220802lug3,Ticino,Ticino,02_08_2022,2022,wastewater,wastewater,B1,2178
A82056_1,20220802lug5,20220802lug5,Ticino,Ticino,02_08_2022,2022,wastewater,wastewater,A,8149
A82057_1,20220802lug7,20220802lug7,Ticino,Ticino,02_08_2022,2022,wastewater,wastewater,A,635
A82058_1,20220802lug9,20220802lug9,Ticino,Ticino,02_08_2022,2022,wastewater,wastewater,A,na
A82060_1,20220802sen1,20220802sen1,Bern,Mittelland,02_08_2022,2022,wastewater,wastewater,B1,940
A82066_1,20220802sen3,20220802sen3,Bern,Mittelland,02_08_2022,2022,wastewater,wastewater,B2,131
A82067_1,20220802sen5,20220802sen5,Bern,Mittelland,02_08_2022,2022,wastewater,wastewater,D,405
A82068_1,20220802sen7,20220802sen7,Bern,Mittelland,02_08_2022,2022,wastewater,wastewater,A,226
A82069_1,20220802sen9,20220802sen9,Bern,Mittelland,02_08_2022,2022,wastewater,wastewater,D,38
A82070_1,20220802zur1,20220802zur1,Zurich,Zurich,02_08_2022,2022,wastewater,wastewater,A,540
A82071_1,20220802zur3,20220802zur3,Zurich,Zurich,02_08_2022,2022,wastewater,wastewater,F,1722
A82072_1,20220802zur5,20220802zur5,Zurich,Zurich,02_08_2022,2022,wastewater,wastewater,D,69
A82073_1,20220802zur7,20220802zur7,Zurich,Zurich,02_08_2022,2022,wastewater,wastewater,F,1722
A82074_1,20220802zur9,20220802zur9,Zurich,Zurich,02_08_2022,2022,wastewater,wastewater,D,38
A82075_1,20220830alt1,20220830alt1,StGallen,Ostschweiz,30_08_2022,2022,wastewater,wastewater,D,394
A82076_1,20220830alt3,20220830alt3,StGallen,Ostschweiz,30_08_2022,2022,wastewater,wastewater,B1,58
A82078_1,20220830alt7,20220830alt7,StGallen,Ostschweiz,30_08_2022,2022,wastewater,wastewater,D,69
A82079_1,20220830alt9,20220830alt9,StGallen,Ostschweiz,30_08_2022,2022,wastewater,wastewater,D,38
A82080_1,20220830chu1,20220830chu1,Graubunden,Ostschweiz,30_08_2022,2022,wastewater,wastewater,B2,131
A82081_1,20220830chu3,20220830chu3,Graubunden,Ostschweiz,30_08_2022,2022,wastewater,wastewater,B1,58
A82082_1,20220830chu5,20220830chu5,Graubunden,Ostschweiz,30_08_2022,2022,wastewater,wastewater,B2,131
A82083_1,20220830chu7,20220830chu7,Graubunden,Ostschweiz,30_08_2022,2022,wastewater,wastewater,A,617
A82084_1,20220830chu9,20220830chu9,Graubunden,Ostschweiz,30_08_2022,2022,wastewater,wastewater,A,617
A82085_1,20220830gen1,20220830gen1,Geneva,lémanique,30_08_2022,2022,wastewater,wastewater,B1,205
A82086_1,20220830gen3,20220830gen3,Geneva,lémanique,30_08_2022,2022,wastewater,wastewater,D,38
A82087_1,20220830gen5,20220830gen5,Geneva,lémanique,30_08_2022,2022,wastewater,wastewater,A,10
A82089_1,20220830gen9,20220830gen9,Geneva,lémanique,30_08_2022,2022,wastewater,wastewater,B2,1193
A82090_1,20220830lug1,20220830lug1,Ticino,Ticino,30_08_2022,2022,wastewater,wastewater,B2,131
A82091_1,20220830lug3,20220830lug3,Ticino,Ticino,30_08_2022,2022,wastewater,wastewater,B2,131
A82092_1,20220830lug5,20220830lug5,Ticino,Ticino,30_08_2022,2022,wastewater,wastewater,D,38
A82093_1,20220830lug7,20220830lug7,Ticino,Ticino,30_08_2022,2022,wastewater,wastewater,A,10
A82094_1,20220830lug9,20220830lug9,Ticino,Ticino,30_08_2022,2022,wastewater,wastewater,B2,131
A82095_1,20220830sen1,20220830sen1,Bern,Mittelland,30_08_2022,2022,wastewater,wastewater,B2,131
A82096_1,20220830sen3,20220830sen3,Bern,Mittelland,30_08_2022,2022,wastewater,wastewater,A,1324
A82097_1,20220830sen5,20220830sen5,Bern,Mittelland,30_08_2022,2022,wastewater,wastewater,B2,131
A82098_1,20220830sen7,20220830sen7,Bern,Mittelland,30_08_2022,2022,wastewater,wastewater,D,5051
A82099_1,20220830sen9,20220830sen9,Bern,Mittelland,30_08_2022,2022,wastewater,wastewater,B1,616
A82100_1,20220830zur1,20220830zur1,Zurich,Zurich,30_08_2022,2022,wastewater,wastewater,D,38
A82101_1,20220830zur3,20220830zur3,Zurich,Zurich,30_08_2022,2022,wastewater,wastewater,A,10
A82103_1,20220830zur7,20220830zur7,Zurich,Zurich,30_08_2022,2022,wastewater,wastewater,A,1286
A82104_1,20220830zur9,20220830zur9,Zurich,Zurich,30_08_2022,2022,wastewater,wastewater,B2,131
A82105_1,20220927alt1,20220927alt1,StGallen,Ostschweiz,27_09_2022,2022,wastewater,wastewater,A,10
A82106_1,20220927alt3,20220927alt3,StGallen,Ostschweiz,27_09_2022,2022,wastewater,wastewater,A,10
A82107_1,20220927alt5,20220927alt5,StGallen,Ostschweiz,27_09_2022,2022,wastewater,wastewater,B2,131
A82108_1,20220927alt7,20220927alt7,StGallen,Ostschweiz,27_09_2022,2022,wastewater,wastewater,A,10
A82109_1,20220927alt9,20220927alt9,StGallen,Ostschweiz,27_09_2022,2022,wastewater,wastewater,G,117
A82110_1,20220927chu1,20220927chu1,Graubunden,Ostschweiz,27_09_2022,2022,wastewater,wastewater,A,88
A82111_1,20220927chu3,20220927chu3,Graubunden,Ostschweiz,27_09_2022,2022,wastewater,wastewater,D,69
A82112_1,20220927chu5,20220927chu5,Graubunden,Ostschweiz,27_09_2022,2022,wastewater,wastewater,D,69
A82113_1,20220927chu7,20220927chu7,Graubunden,Ostschweiz,27_09_2022,2022,wastewater,wastewater,A,10
A82114_1,20220927chu9,20220927chu9,Graubunden,Ostschweiz,27_09_2022,2022,wastewater,wastewater,B1,58
A82116_1,20220927gen3,20220927gen3,Geneva,lémanique,27_09_2022,2022,wastewater,wastewater,B2,131
A82117_1,20220927gen5,20220927gen5,Geneva,lémanique,27_09_2022,2022,wastewater,wastewater,cryptic,1312
A82118_1,20220927gen7,20220927gen7,Geneva,lémanique,27_09_2022,2022,wastewater,wastewater,A,617
A82119_1,20220927gen9,20220927gen9,Geneva,lémanique,27_09_2022,2022,wastewater,wastewater,B1,5614
A82120_1,20220927lug1,20220927lug1,Ticino,Ticino,27_09_2022,2022,wastewater,wastewater,A,2041
A82121_1,20220927lug3,20220927lug3,Ticino,Ticino,27_09_2022,2022,wastewater,wastewater,A,10
A82122_1,20220927lug5,20220927lug5,Ticino,Ticino,27_09_2022,2022,wastewater,wastewater,A,1491
A82123_1,20220927lug7,20220927lug7,Ticino,Ticino,27_09_2022,2022,wastewater,wastewater,A,10
A82124_1,20220927lug9,20220927lug9,Ticino,Ticino,27_09_2022,2022,wastewater,wastewater,B2,131
A82125_1,20220927sen1,20220927sen1,Bern,Mittelland,27_09_2022,2022,wastewater,wastewater,B1,224
A82126_1,20220927sen3,20220927sen3,Bern,Mittelland,27_09_2022,2022,wastewater,wastewater,B1,224
A82127_1,20220927sen5,20220927sen5,Bern,Mittelland,27_09_2022,2022,wastewater,wastewater,A,1314
A82128_1,20220927sen7,20220927sen7,Bern,Mittelland,27_09_2022,2022,wastewater,wastewater,B1,224
A82129_1,20220927sen9,20220927sen9,Bern,Mittelland,27_09_2022,2022,wastewater,wastewater,F,1722
A82130_1,20220927zur1,20220927zur1,Zurich,Zurich,27_09_2022,2022,wastewater,wastewater,B1,58
A82131_1,20220927zur3,20220927zur3,Zurich,Zurich,27_09_2022,2022,wastewater,wastewater,D,69
A82132_1,20220927zur5,20220927zur5,Zurich,Zurich,27_09_2022,2022,wastewater,wastewater,B2,131
A82133_1,20220927zur7,20220927zur7,Zurich,Zurich,27_09_2022,2022,wastewater,wastewater,F,62
A82134_1,20220927zur9,20220927zur9,Zurich,Zurich,27_09_2022,2022,wastewater,wastewater,B1,40
A82135_1,20221025alt1,20221025alt1,StGallen,Ostschweiz,25_10_2022,2022,wastewater,wastewater,A,226
A82136_1,20221025alt3,20221025alt3,StGallen,Ostschweiz,25_10_2022,2022,wastewater,wastewater,B1,101
A82137_1,20221025alt5,20221025alt5,StGallen,Ostschweiz,25_10_2022,2022,wastewater,wastewater,G,1193
A82138_1,20221025alt7,20221025alt7,StGallen,Ostschweiz,25_10_2022,2022,wastewater,wastewater,A,10
A82139_1,20221025alt9,20221025alt9,StGallen,Ostschweiz,25_10_2022,2022,wastewater,wastewater,B1,4213
A82140_1,20221025chu1,20221025chu1,Graubunden,Ostschweiz,25_10_2022,2022,wastewater,wastewater,B2,2279
A82141_1,20221025chu3,20221025chu3,Graubunden,Ostschweiz,25_10_2022,2022,wastewater,wastewater,A,4981
A82142_1,20221025chu5,20221025chu5,Graubunden,Ostschweiz,25_10_2022,2022,wastewater,wastewater,A,10
A82143_1,20221025chu7,20221025chu7,Graubunden,Ostschweiz,25_10_2022,2022,wastewater,wastewater,F,1722
A82144_1,20221025chu9,20221025chu9,Graubunden,Ostschweiz,25_10_2022,2022,wastewater,wastewater,B1,58
A82145_1,20221025gen1,20221025gen1,Geneva,lémanique,25_10_2022,2022,wastewater,wastewater,D,1406
A82146_1,20221025gen3,20221025gen3,Geneva,lémanique,25_10_2022,2022,wastewater,wastewater,B1,616
A82147_1,20221025gen5,20221025gen5,Geneva,lémanique,25_10_2022,2022,wastewater,wastewater,A,10
A82148_1,20221025gen7,20221025gen7,Geneva,lémanique,25_10_2022,2022,wastewater,wastewater,E,219
A82149_1,20221025gen9,20221025gen9,Geneva,lémanique,25_10_2022,2022,wastewater,wastewater,D,2797
A82150_1,20221025lug1,20221025lug1,Ticino,Ticino,25_10_2022,2022,wastewater,wastewater,A,993
A82151_1,20221025lug3,20221025lug3,Ticino,Ticino,25_10_2022,2022,wastewater,wastewater,B2,131
A82152_1,20221025lug5,20221025lug5,Ticino,Ticino,25_10_2022,2022,wastewater,wastewater,F,12
A82154_1,20221025lug7,20221025lug7,Ticino,Ticino,25_10_2022,2022,wastewater,wastewater,E,219
A82156_1,20221025lug9,20221025lug9,Ticino,Ticino,25_10_2022,2022,wastewater,wastewater,A,993
A82162_1,20221025sen1,20221025sen1,Bern,Mittelland,25_10_2022,2022,wastewater,wastewater,D,69
A82163_1,20221025sen3,20221025sen3,Bern,Mittelland,25_10_2022,2022,wastewater,wastewater,unknown,131
A82164_1,20221025sen5,20221025sen5,Bern,Mittelland,25_10_2022,2022,wastewater,wastewater,D,69
A82165_1,20221025sen7,20221025sen7,Bern,Mittelland,25_10_2022,2022,wastewater,wastewater,B2,131
A82166_1,20221025sen9,20221025sen9,Bern,Mittelland,25_10_2022,2022,wastewater,wastewater,F,1722
A82167_1,20221025zur1,20221025zur1,Zurich,Zurich,25_10_2022,2022,wastewater,wastewater,B2,1193
A82168_1,20221025zur3,20221025zur3,Zurich,Zurich,25_10_2022,2022,wastewater,wastewater,A,10
A82169_1,20221025zur5,20221025zur5,Zurich,Zurich,25_10_2022,2022,wastewater,wastewater,B2,3172
A82170_1,20221025zur7,20221025zur7,Zurich,Zurich,25_10_2022,2022,wastewater,wastewater,B2,131
A82171_1,20221025zur9,20221025zur9,Zurich,Zurich,25_10_2022,2022,wastewater,wastewater,B2,131
A82172_1,20221122alt1,20221122alt1,StGallen,Ostschweiz,22_11_2022,2022,wastewater,wastewater,D,na
A82173_1,20221122alt3,20221122alt3,StGallen,Ostschweiz,22_11_2022,2022,wastewater,wastewater,B1,3580
A82174_1,20221122alt5,20221122alt5,StGallen,Ostschweiz,22_11_2022,2022,wastewater,wastewater,E,3036
A82176_1,20221122alt9,20221122alt9,StGallen,Ostschweiz,22_11_2022,2022,wastewater,wastewater,A,540
A82177_1,20221122chu1,20221122chu1,Graubunden,Ostschweiz,22_11_2022,2022,wastewater,wastewater,B1,58
A82178_1,20221122chu3,20221122chu3,Graubunden,Ostschweiz,22_11_2022,2022,wastewater,wastewater,A,656
A82180_1,20221122chu7,20221122chu7,Graubunden,Ostschweiz,22_11_2022,2022,wastewater,wastewater,B2,127
A82182_1,20221122gen1,20221122gen1,Geneva,lémanique,22_11_2022,2022,wastewater,wastewater,B2,131
A82183_1,20221122gen3,20221122gen3,Geneva,lémanique,22_11_2022,2022,wastewater,wastewater,D,6082
A82184_1,20221122gen5,20221122gen5,Geneva,lémanique,22_11_2022,2022,wastewater,wastewater,B1,409
A82185_1,20221122gen7,20221122gen7,Geneva,lémanique,22_11_2022,2022,wastewater,wastewater,A,46
A82186_1,20221122gen9,20221122gen9,Geneva,lémanique,22_11_2022,2022,wastewater,wastewater,G,130
A82188_1,20221122lug3,20221122lug3,Ticino,Ticino,22_11_2022,2022,wastewater,wastewater,D,38
A82189_1,20221122lug5,20221122lug5,Ticino,Ticino,22_11_2022,2022,wastewater,wastewater,B2,131
A82190_1,20221122lug7,20221122lug7,Ticino,Ticino,22_11_2022,2022,wastewater,wastewater,A,10
A82191_1,20221122lug9,20221122lug9,Ticino,Ticino,22_11_2022,2022,wastewater,wastewater,A,10
A82192_1,20221122sen1,20221122sen1,Bern,Mittelland,22_11_2022,2022,wastewater,wastewater,A,10
A82193_1,20221122sen3,20221122sen3,Bern,Mittelland,22_11_2022,2022,wastewater,wastewater,B1,155
A82194_1,20221122sen5,20221122sen5,Bern,Mittelland,22_11_2022,2022,wastewater,wastewater,F,354
A82195_1,20221122sen7,20221122sen7,Bern,Mittelland,22_11_2022,2022,wastewater,wastewater,F,1485
A82196_1,20221122sen9,20221122sen9,Bern,Mittelland,22_11_2022,2022,wastewater,wastewater,F,1485
A82198_1,20221122zur3,20221122zur3,Zurich,Zurich,22_11_2022,2022,wastewater,wastewater,B2,131
A82199_1,20221122zur5,20221122zur5,Zurich,Zurich,22_11_2022,2022,wastewater,wastewater,D,10
A82200_1,20221122zur7,20221122zur7,Zurich,Zurich,22_11_2022,2022,wastewater,wastewater,B2,1193
A82201_1,20221122zur9,20221122zur9,Zurich,Zurich,22_11_2022,2022,wastewater,wastewater,D,38
A82202_1,EOC1,20210106EOC1,Ticino,Ticino,06_01_2021,2021,human,clinics,D,38
A82203_1,EOC10,20220306EOC10,Ticino,Ticino,06_03_2022,2022,human,clinics,B2,131
A82204_1,EOC11,20220324EOC11,Ticino,Ticino,24_03_2022,2022,human,clinics,B2,131
A82205_1,EOC12,20220514EOC12,Ticino,Ticino,14_05_2022,2022,human,clinics,A,1598
A82206_1,EOC13,20220620EOC13,Ticino,Ticino,20_06_2022,2022,human,clinics,B2,131
A82207_1,EOC14,20220622EOC14,Ticino,Ticino,22_06_2022,2022,human,clinics,B2,131
A82208_1,EOC15,20220630EOC15,Ticino,Ticino,30_06_2022,2022,human,clinics,B2,131
A82209_1,EOC16,20221021EOC16,Ticino,Ticino,21_10_2022,2022,human,clinics,B2,131
A82210_1,EOC17,20221115EOC17,Ticino,Ticino,15_11_2022,2022,human,clinics,B2,131
A82212_1,EOC19,20221221EOC19,Ticino,Ticino,21_12_2022,2022,human,clinics,B2,1193
A82213_1,EOC2,20210218EOC2,Ticino,Ticino,18_02_2021,2021,human,clinics,B2,131
A82214_1,EOC3,20210424EOC3,Ticino,Ticino,24_04_2021,2021,human,clinics,B2,131
A82215_1,EOC4,20210613EOC4,Ticino,Ticino,13_06_2021,2021,human,clinics,A,617
A82216_1,EOC5,20210928EOC5,Ticino,Ticino,28_09_2021,2021,human,clinics,B2,131
A82217_1,EOC6,20211003EOC6,Ticino,Ticino,03_10_2021,2021,human,clinics,B2,131
A82218_1,EOC7,20211028EOC7,Ticino,Ticino,28_10_2021,2021,human,clinics,B2,131
A82219_1,EOC8,20211209EOC8,Ticino,Ticino,09_12_2021,2021,human,clinics,B2,1193
A82220_1,EOC9,20220201EOC9,Ticino,Ticino,01_02_2022,2022,human,clinics,B2,1193
A82221_1,KSGR1,20191106KSGR1,Graubunden,Ostschweiz,06_11_2019,2019,human,clinics,D,38
A82222_1,KSGR10,20211122KSGR10,Graubunden,Ostschweiz,22_11_2021 ,2021,human,clinics,D,38
A82223_1,KSGR11,20211122KSGR11,Graubunden,Ostschweiz,22_11_2021,2021,human,clinics,B2,131
A82224_1,KSGR12,20211127KSGR12,Graubunden,Ostschweiz,27_11_2021,2021,human,clinics,A,10
A82225_1,KSGR13,20211203KSGR13,Graubunden,Ostschweiz,03_12_2021,2021,human,clinics,E,57
A82226_1,KSGR14,20211216KSGR14,Graubunden,Ostschweiz,16_12_2021,2021,human,clinics,B2,131
A82227_1,KSGR15,20211216KSGR15,Graubunden,Ostschweiz,16_12_2021,2021,human,clinics,B2,131
A82228_1,KSGR16,20211230KSGR16,Graubunden,Ostschweiz,30_12_2021,2021,human,clinics,B2,73
A82230_1,KSGR18,20220131KSGR18,Graubunden,Ostschweiz,31_01_2022,2022,human,clinics,B2,131
A82231_1,KSGR19,20220207KSGR19,Graubunden,Ostschweiz,07_02_2022,2022,human,clinics,B2,131
A82232_1,KSGR2,20191227KSGR2,Graubunden,Ostschweiz,27_12_2019,2019,human,clinics,D,38
A82233_1,KSGR20,20220216KSGR20,Graubunden,Ostschweiz,16_02_2022,2022,human,clinics,A,450
A82235_1,KSGR22,20220301KSGR22,Graubunden,Ostschweiz,01_03_2022,2022,human,clinics,E,219
A82236_1,KSGR23,20220301KSGR23,Graubunden,Ostschweiz,01_03_2022,2022,human,clinics,B2,1859
A82237_1,KSGR24,20220314KSGR24,Graubunden,Ostschweiz,14_03_2022,2022,human,clinics,B2,131
A82238_1,KSGR25,20220317KSGR25,Graubunden,Ostschweiz,17_03_2022,2022,human,clinics,A,744
A82239_1,KSGR26,20220320KSGR26,Graubunden,Ostschweiz,20_03_2022,2022,human,clinics,B2,131
A82240_1,KSGR27,20220320KSGR27,Graubunden,Ostschweiz,20_03_2022,2022,human,clinics,B2,131
A82241_1,KSGR28,20220415KSGR28,Graubunden,Ostschweiz,15_04_2022,2022,human,clinics,B2,10320
A82242_1,KSGR29,20220420KSGR29,Graubunden,Ostschweiz,20_04_2022  19:15:39,2022,human,clinics,B2,131
A82243_1,KSGR3,20200831KSGR3,Graubunden,Ostschweiz,31_08_2020,2020,human,clinics,B2,1193
A82244_1,KSGR30,20220425KSGR30,Graubunden,Ostschweiz,25_04_2022,2022,human,clinics,B2,131
A82245_1,KSGR31,20220506KSGR31,Graubunden,Ostschweiz,06_05_2022,2022,human,clinics,B1,2179
A82246_1,KSGR32,20220509KSGR32,Graubunden,Ostschweiz,09_05_2022,2022,human,clinics,B2,131
A82248_1,KSGR34,20220512KSGR34,Graubunden,Ostschweiz,12_05_2022  12:47:40,2022,human,clinics,D,38
A82249_1,KSGR35,20220515KSGR35,Graubunden,Ostschweiz,15_05_2022  00:42:00,2022,human,clinics,F,648
A82252_1,KSGR36,20220527KSGR36,Graubunden,Ostschweiz,27_05_2022  20:32:04,2022,human,clinics,B2,131
A82258_1,KSGR37,20220529KSGR37,Graubunden,Ostschweiz,29_05_2022  18:18:00,2022,human,clinics,D,69
A82259_1,KSGR38,20220608KSGR38,Graubunden,Ostschweiz,08_06_2022  20:12:00,2022,human,clinics,D,361
A82260_1,KSGR39,20220609KSGR39,Graubunden,Ostschweiz,09_06_2022,2022,human,clinics,A,167
A82261_1,KSGR4,20201013KSGR4,Graubunden,Ostschweiz,13_10_2020,2020,human,clinics,B2,2279
A82262_1,KSGR40,20220615KSGR40,Graubunden,Ostschweiz,15_06_2022  18:31:00,2022,human,clinics,F,648
A82263_1,KSGR41,20220620KSGR41,Graubunden,Ostschweiz,20_06_2022,2022,human,clinics,F,648
A82264_1,KSGR42,20220628KSGR42,Graubunden,Ostschweiz,28_06_2022  21:35:00,2022,human,clinics,B2,131
A82265_1,KSGR43,20220630KSGR43,Graubunden,Ostschweiz,30_06_2022  08:52:51,2022,human,clinics,B2,131
A82266_1,KSGR44,20220630KSGR44,Graubunden,Ostschweiz,30_06_2022  19:36:21,2022,human,clinics,D,69
A82267_1,KSGR45,20220708KSGR45,Graubunden,Ostschweiz,08_07_2022,2022,human,clinics,B1,2178
A82268_1,KSGR46,20220715KSGR46,Graubunden,Ostschweiz,15_07_2022  10:00:00,2022,human,clinics,F,na
A82269_1,KSGR47,20220725KSGR47,Graubunden,Ostschweiz,25_07_2022,2022,human,clinics,B2,131
A82270_1,KSGR48,20220725KSGR48,Graubunden,Ostschweiz,25_07_2022,2022,human,clinics,B2,131
A82271_1,KSGR49,20220726KSGR49,Graubunden,Ostschweiz,26_07_2022  07:47:03,2022,human,clinics,B2,131
A82272_1,KSGR5,20211101KSGR5,Graubunden,Ostschweiz,01_11_2021  17:37:15,2021,human,clinics,D,69
A82273_1,KSGR50,20220805KSGR50,Graubunden,Ostschweiz,05_08_2022  09:48:41,2022,human,clinics,A,10
A82274_1,KSGR51,20220807KSGR51,Graubunden,Ostschweiz,07_08_2022  19:54:00,2022,human,clinics,B1,448
A82276_1,KSGR53,20220810KSGR53,Graubunden,Ostschweiz,10_08_2022  10:05:00,2022,human,clinics,B2,131
A82277_1,KSGR54,20220818KSGR54,Graubunden,Ostschweiz,18_08_2022  18:35:00,2022,human,clinics,B2,131
A82278_1,KSGR55,20220819KSGR55,Graubunden,Ostschweiz,19_08_2022,2022,human,clinics,D,10
A82279_1,KSGR56,20220823KSGR56,Graubunden,Ostschweiz,23_08_2022  12:17:59,2022,human,clinics,B2,95
A82280_1,KSGR57,20220825KSGR57,Graubunden,Ostschweiz,25_08_2022  11:19:47,2022,human,clinics,D,69
A82281_1,KSGR58,20220826KSGR58,Graubunden,Ostschweiz,26_08_2022  16:20:03,2022,human,clinics,B2,131
A82282_1,KSGR59,20220831KSGR59,Graubunden,Ostschweiz,31_08_2022  13:48:34,2022,human,clinics,B2,10320
A82283_1,KSGR6,20211109KSGR6,Graubunden,Ostschweiz,09_11_2021,2021,human,clinics,A,5295
A82284_1,KSGR60,20220906KSGR60,Graubunden,Ostschweiz,06_09_2022  01:40:06,2022,human,clinics,B2,131
A82285_1,KSGR61,20220914KSGR61,Graubunden,Ostschweiz,14_09_2022  22:18:34,2022,human,clinics,B2,131
A82286_1,KSGR62,20220915KSGR62,Graubunden,Ostschweiz,15_09_2022,2022,human,clinics,B2,131
A82287_1,KSGR63,20220919KSGR63,Graubunden,Ostschweiz,19_09_2022,2022,human,clinics,B2,1193
A82288_1,KSGR64,20220920KSGR64,Graubunden,Ostschweiz,20_09_2022,2022,human,clinics,F,na
A82289_1,KSGR65,20221003KSGR65,Graubunden,Ostschweiz,03_10_2022,2022,human,clinics,B2,na
A82290_1,KSGR66,20221007KSGR66,Graubunden,Ostschweiz,07_10_2022  16:30:00,2022,human,clinics,F,4553
A82291_1,KSGR67,20221010KSGR67,Graubunden,Ostschweiz,10_10_2022  12:00:00,2022,human,clinics,B2,131
A82292_1,KSGR68,20221016KSGR68,Graubunden,Ostschweiz,16_10_2022  12:09:09,2022,human,clinics,B2,2279
A82294_1,KSGR7,20211117KSGR7,Graubunden,Ostschweiz,17_11_2021,2021,human,clinics,B2,1722
A82295_1,KSGR70,20221019KSGR70,Graubunden,Ostschweiz,19_10_2022  19:46:00,2022,human,clinics,B2,na
A82297_1,KSGR72,20221104KSGR72,Graubunden,Ostschweiz,04_11_2022  10:41:10,2022,human,clinics,B2,8189
A82298_1,KSGR73,20221106KSGR73,Graubunden,Ostschweiz,06_11_2022  16:55:11,2022,human,clinics,D,69
A82299_1,KSGR74,20221121KSGR74,Graubunden,Ostschweiz,21_11_2022  12:02:00,2022,human,clinics,D,38
A82300_1,KSGR75,20221123KSGR75,Graubunden,Ostschweiz,23_11_2022  21:13:02,2022,human,clinics,B2,131
A82301_1,KSGR76,20221201KSGR76,Graubunden,Ostschweiz,01_12_2022  16:18:00,2022,human,clinics,D,69
A82302_1,KSGR77,20221207KSGR77,Graubunden,Ostschweiz,07_12_2022  14:30:00,2022,human,clinics,B2,na
A82303_1,MCL13,20211222MCL13,Fribourg,Mittelland,22_12_2021,2021,human,clinics,D,38
A82304_1,KSGR79,20221211KSGR79,Graubunden,Ostschweiz,11_12_2022  03:41:26,2022,human,clinics,B2,131
A82305_1,KSGR8,20211118KSGR8,Graubunden,Ostschweiz,18_11_2021  14:12:57,2021,human,clinics,B2,131
A82306_1,KSGR9,20211122KSGR9,Graubunden,Ostschweiz,22_11_2021,2021,human,clinics,D,38
A82307_1,MCL1,20211101MCL1,Bern,Mittelland,01_11_2021,2021,human,clinics,D,69
A82308_1,MCL10,20211207MCL10,Fribourg,Mittelland,07_12_2021,2021,human,clinics,A,744
A82309_1,MCL11,20211209MCL11,Fribourg,Mittelland,09_12_2021,2021,human,clinics,B1,6448
A82310_1,MCL12,20211211MCL12,Bern,Mittelland,11_12_2021,2021,human,clinics,B2,1193
A82312_1,MCL14,20211222MCL14,Bern,Mittelland,22_12_2021,2021,human,clinics,D,38
A82313_1,MCL15,20220129MCL15,Bern,Mittelland,29_01_2022,2022,human,clinics,B2,131
A82314_1,MCL16,20220217MCL16,Fribourg,Mittelland,17_02_2022,2022,human,clinics,B2,1193
A82315_1,MCL17,20220219MCL17,Bern,Mittelland,19_02_2022,2022,human,clinics,B2,131
A82316_1,MCL18,20220309MCL18,Bern,Mittelland,09_03_2022,2022,human,clinics,B2,1193
A82317_1,MCL19,20220310MCL19,Bern,Mittelland,10_03_2022,2022,human,clinics,B2,95
A82318_1,MCL2,20211103MCL2,Bern,Mittelland,03_11_2021,2021,human,clinics,B2,1193
A82319_1,MCL20,20220329MCL20,Bern,Mittelland,29_03_2022,2022,human,clinics,B2,1193
A82320_1,MCL21,20220401MCL21,Bern,Mittelland,01_04_2022,2022,human,clinics,F,62
A82322_1,MCL23,20220419MCL23,Fribourg,Mittelland,19_04_2022,2022,human,clinics,B1,2766
A82323_1,MCL24,20220502MCL24,Bern,Mittelland,02_05_2022,2022,human,clinics,B2,131
A82324_1,MCL25,20220507MCL25,Bern,Mittelland,07_05_2022,2022,human,clinics,B2,131
A82325_1,MCL26,20220513MCL26,Bern,Mittelland,13_05_2022,2022,human,clinics,B2,95
A82326_1,MCL27,20220517MCL27,Bern,Mittelland,17_05_2022,2022,human,clinics,F,648
A82327_1,MCL28,20220518MCL28,Fribourg,Mittelland,18_05_2022,2022,human,clinics,B2,131
A82328_1,MCL29,20220518MCL29,Bern,Mittelland,18_05_2022,2022,human,clinics,A,na
A82329_1,MCL3,20211103MCL3,Bern,Mittelland,03_11_2021,2021,human,clinics,A,10
A82330_1,MCL30,20220520MCL30,Bern,Mittelland,20_05_2022,2022,human,clinics,D,69
A82331_1,MCL31,20220527MCL31,Bern,Mittelland,27_05_2022,2022,human,clinics,B2,1193
A82332_1,MCL32,20220607MCL32,Fribourg,Mittelland,07_06_2022,2022,human,clinics,B2,131
A82333_1,MCL33,20220610MCL33,Bern,Mittelland,10_06_2022,2022,human,clinics,B2,1193
A82334_1,MCL34,20220611MCL34,Fribourg,Mittelland,11_06_2022,2022,human,clinics,B1,212
A82335_1,MCL35,20220704MCL35,Bern,Mittelland,04_07_2022,2022,human,clinics,D,3268
A82336_1,MCL36,20220715MCL36,Fribourg,Mittelland,15_07_2022,2022,human,clinics,B2,131
A82337_1,MCL37,20220809MCL37,Fribourg,Mittelland,09_08_2022,2022,human,clinics,B2,131
A82338_1,MCL38,20220818MCL38,Bern,Mittelland,18_08_2022,2022,human,clinics,B2,131
A82339_1,MCL39,20220820MCL39,Bern,Mittelland,20_08_2022,2022,human,clinics,A,10
A82340_1,MCL4,20211104MCL4,Bern,Mittelland,04_11_2021,2021,human,clinics,B2,131
A82341_1,MCL40,20220822MCL40,Bern,Mittelland,22_08_2022,2022,human,clinics,B2,131
A82342_1,MCL41,20220901MCL41,Fribourg,Mittelland,01_09_2022,2022,human,clinics,D,3268
A82343_1,MCL42,20220908MCL42,Bern,Mittelland,08_09_2022,2022,human,clinics,B2,131
A82344_1,MCL43,20220909MCL43,Bern,Mittelland,09_09_2022,2022,human,clinics,B2,1193
A82348_1,MCL45,20221013MCL45,Fribourg,Mittelland,13_10_2022,2022,human,clinics,B2,131
A82354_1,MCL46,20221103MCL46,Fribourg,Mittelland,03_11_2022,2022,human,clinics,A,44
A82355_1,MCL47,20221110MCL47,Solothurn,Ostschweiz,10_11_2022,2022,human,clinics,D,69
A82356_1,MCL48,20221112MCL48,Fribourg,Mittelland,12_11_2022,2022,human,clinics,F,12
A82357_1,MCL49,20221114MCL49,Bern,Mittelland,14_11_2022,2022,human,clinics,B2,131
A82358_1,MCL5,20211104MCL5,Bern,Mittelland,04_11_2021,2021,human,clinics,B2,1193
A82359_1,MCL50,20221117MCL50,Bern,Mittelland,17_11_2022,2022,human,clinics,B2,131
A82360_1,MCL51,20221122MCL51,Bern,Mittelland,22_11_2022,2022,human,clinics,B2,131
A82361_1,MCL52,20221122MCL52,Bern,Mittelland,22_11_2022,2022,human,clinics,G,131
A82363_1,MCL54,20221205MCL54,Fribourg,Mittelland,05_12_2022,2022,human,clinics,B2,131
A82364_1,MCL55,20221208MCL55,Bern,Mittelland,08_12_2022,2022,human,clinics,B1,154
A82365_1,MCL6,20211105MCL6,Fribourg,Mittelland,05_11_2021,2021,human,clinics,D,3268
A82366_1,MCL7,20211105MCL7,Fribourg,Mittelland,05_11_2021,2021,human,clinics,B2,131
A82368_1,MCL9,20211111MCL9,Bern,Mittelland,11_11_2021,2021,human,clinics,D,69
A82370_1,USB10,20211231USB10,Bern,Mittelland,31_12_2021,2021,human,clinics,D,405
A82372_1,USB12,20220114USB12,Bern,Mittelland,14_01_2022,2022,human,clinics,D,69
A82373_1,USB13,20220118USB13,Bern,Mittelland,18_01_2022,2022,human,clinics,B2,127
A82374_1,USB14,20220123USB14,Bern,Mittelland,23_01_2022,2022,human,clinics,A,6359
A82375_1,USB15,20220129USB15,Bern,Mittelland,29_01_2022,2022,human,clinics,D,69
A82376_1,USB17,20220212USB17,Bern,Mittelland,12_02_2022,2022,human,clinics,B2,131
A82378_1,USB19,20220221USB19,Bern,Mittelland,21_02_2022,2022,human,clinics,B2,131
A82380_1,USB20,20220228USB20,Bern,Mittelland,28_02_2022,2022,human,clinics,F,59
A82382_1,USB22,20220308USB22,Bern,Mittelland,08_03_2022,2022,human,clinics,B2,95
A82383_1,USB23,20220316USB23,Bern,Mittelland,16_03_2022,2022,human,clinics,D,69
A82384_1,USB24,20220323USB24,Bern,Mittelland,23_03_2022,2022,human,clinics,D,38
A82386_1,USB26,20220408USB26,Bern,Mittelland,08_04_2022,2022,human,clinics,B2,131
A82387_1,USB27,20220414USB27,Bern,Mittelland,14_04_2022,2022,human,clinics,B2,131
A82388_1,USB28,20220421USB28,Bern,Mittelland,21_04_2022,2022,human,clinics,B2,131
A82389_1,USB29,20220426USB29,Bern,Mittelland,26_04_2022,2022,human,clinics,B2,1193
A82390_1,USB3,20211115USB3,Bern,Mittelland,15_11_2021,2021,human,clinics,B2,131
A82391_1,USB30,20220505USB30,Bern,Mittelland,05_05_2022,2022,human,clinics,D,70
A82392_1,USB31,20220510USB31,Bern,Mittelland,10_05_2022,2022,human,clinics,B2,131
A82394_1,USB33,20220527USB33,Bern,Mittelland,27_05_2022,2022,human,clinics,B2,1193
A82395_1,USB34,20220603USB34,Bern,Mittelland,03_06_2022,2022,human,clinics,B2,131
A82396_1,USB35,20220611USB35,Bern,Mittelland,11_06_2022,2022,human,clinics,B2,131
A82397_1,USB36,20220617USB36,Bern,Mittelland,17_06_2022,2022,human,clinics,D,38
A82398_1,USB37,20220624USB37,Bern,Mittelland,24_06_2022,2022,human,clinics,B2,na
A82399_1,USB38,20220629USB38,Bern,Mittelland,29_06_2022,2022,human,clinics,B2,131
A82401_1,USB4,20211122USB4,Bern,Mittelland,22_11_2021,2021,human,clinics,B2,131
A82402_1,USB40,20220709USB40,Bern,Mittelland,09_07_2022,2022,human,clinics,B2,131
A82403_1,USB41,20220711USB41,Bern,Mittelland,11_07_2022,2022,human,clinics,B1,155
A82404_1,USB42,20220718USB42,Bern,Mittelland,18_07_2022,2022,human,clinics,B2,2279
A82405_1,USB43,20220725USB43,Bern,Mittelland,25_07_2022,2022,human,clinics,A,43
A82407_1,USB45,20220802USB45,Bern,Mittelland,02_08_2022,2022,human,clinics,B2,73
A82408_1,USB46,20220804USB46,Bern,Mittelland,04_08_2022,2022,human,clinics,F,12
A82409_1,USB47,20220811USB47,Bern,Mittelland,11_08_2022,2022,human,clinics,B2,131
A82410_1,USB48,20220819USB48,Bern,Mittelland,19_08_2022,2022,human,clinics,F,12
A82411_1,USB49,20220826USB49,Bern,Mittelland,26_08_2022,2022,human,clinics,B2,131
A82412_1,USB5,20211129USB5,Bern,Mittelland,29_11_2021,2021,human,clinics,D,362
A82413_1,USB50,20220829USB50,Bern,Mittelland,29_08_2022,2022,human,clinics,B2,131
A82414_1,USB51,20220906USB51,Bern,Mittelland,06_09_2022,2022,human,clinics,B2,131
A82415_1,USB52,20220914USB52,Bern,Mittelland,14_09_2022,2022,human,clinics,B2,11804
A82416_1,USB53,20220920USB53,Bern,Mittelland,20_09_2022,2022,human,clinics,B2,131
A82417_1,USB54,20220921USB54,Bern,Mittelland,21_09_2022,2022,human,clinics,A,398
A82418_1,USB55,20220929USB55,Bern,Mittelland,29_09_2022,2022,human,clinics,B2,357
A82419_1,USB56,20221006USB56,Bern,Mittelland,06_10_2022,2022,human,clinics,B2,131
A82420_1,USB57,20221013USB57,Bern,Mittelland,13_10_2022,2022,human,clinics,D,38
A82421_1,USB58,20221019USB58,Bern,Mittelland,19_10_2022,2022,human,clinics,B2,131
A82422_1,USB59,20221025USB59,Bern,Mittelland,25_10_2022,2022,human,clinics,B2,95
A82423_1,USB6,20211207USB6,Bern,Mittelland,07_12_2021,2021,human,clinics,B2,131
A82424_1,USB60,20221026USB60,Bern,Mittelland,26_10_2022,2022,human,clinics,D,38
A82425_1,USB61,20221027USB61,Bern,Mittelland,27_10_2022,2022,human,clinics,B2,95
A82426_1,USB62,20221028USB62,Bern,Mittelland,28_10_2022,2022,human,clinics,D,394
A82427_1,USB7,20211212USB7,Bern,Mittelland,12_12_2021,2021,human,clinics,B2,131
A82428_1,USB8,20211217USB8,Bern,Mittelland,17_12_2021,2021,human,clinics,A,2973
A82429_1,USB9,20211222USB9,Bern,Mittelland,22_12_2021,2021,human,clinics,A,88
A82430_1,USZ1,20221101USZ1,Zurich,Zurich,01_11_2022,2022,human,clinics,F,354
A82431_1,USZ10,20220301USZ10,Zurich,Zurich,01_03_2022,2022,human,clinics,B2,1161
A82432_1,USZ11,20220301USZ11,Zurich,Zurich,01_03_2022,2022,human,clinics,B2,131
A82433_1,USZ12,20220301USZ12,Zurich,Zurich,01_03_2022,2022,human,clinics,B1,205
A82434_1,USZ13,20220301USZ13,Zurich,Zurich,01_03_2022,2022,human,clinics,B2,131
A82435_1,USZ14,20220401USZ14,Zurich,Zurich,01_04_2022,2022,human,clinics,B2,131
A82436_1,USZ15,20220401USZ15,Zurich,Zurich,01_04_2022,2022,human,clinics,B2,131
A82438_1,USZ17,20220401USZ17,Zurich,Zurich,01_04_2022,2022,human,clinics,B2,404
A82439_1,USZ18,20220401USZ18,Zurich,Zurich,01_04_2022,2022,human,clinics,B1,156
A82440_1,USZ19,20220501USZ19,Zurich,Zurich,01_05_2022,2022,human,clinics,B2,73
A82443_1,USZ20,20220501USZ20,Zurich,Zurich,01_05_2022,2022,human,clinics,F,na
A82450_1,USZ21,20220501USZ21,Zurich,Zurich,01_05_2022,2022,human,clinics,B2,131
A82451_1,USZ22,20220501USZ22,Zurich,Zurich,01_05_2022,2022,human,clinics,B2,95
A82452_1,USZ23,20220501USZ23,Zurich,Zurich,01_05_2022,2022,human,clinics,D,69
A82453_1,USZ24,20220501USZ24,Zurich,Zurich,01_05_2022,2022,human,clinics,B2,131
A82454_1,USZ25,20220501USZ25,Zurich,Zurich,01_05_2022,2022,human,clinics,B2,1193
A82455_1,USZ26,20220501USZ26,Zurich,Zurich,01_05_2022,2022,human,clinics,B2,131
A82457_1,USZ28,20220601USZ28,Zurich,Zurich,01_06_2022,2022,human,clinics,G,10273
A82458_1,USZ29,20220601USZ29,Zurich,Zurich,01_06_2022,2022,human,clinics,B2,131
A82459_1,USZ3,20220201USZ3,Zurich,Zurich,01_02_2022,2022,human,clinics,F,648
A82460_1,USZ30,20220601USZ30,Zurich,Zurich,01_06_2022,2022,human,clinics,B2,131
A82461_1,USZ31,20220601USZ31,Zurich,Zurich,01_06_2022,2022,human,clinics,B2,127
A82462_1,USZ32,20220701USZ32,Zurich,Zurich,01_07_2022,2022,human,clinics,B2,131
A82464_1,USZ34,20220701USZ34,Zurich,Zurich,01_07_2022,2022,human,clinics,B2,131
A82465_1,USZ35,20220701USZ35,Zurich,Zurich,01_07_2022,2022,human,clinics,B2,1193
A82466_1,USZ36,20220801USZ36,Zurich,Zurich,01_08_2022,2022,human,clinics,B1,na
A82467_1,USZ37,20220801USZ37,Zurich,Zurich,01_08_2022,2022,human,clinics,B2,131
A82468_1,USZ38,20220901USZ38,Zurich,Zurich,01_09_2022,2022,human,clinics,B2,131
A82469_1,USZ39,20220901USZ39,Zurich,Zurich,01_09_2022,2022,human,clinics,B2,1193
A82470_1,USZ4,20220201USZ4,Zurich,Zurich,01_02_2022,2022,human,clinics,A,10
A82472_1,USZ41,20220901USZ41,Zurich,Zurich,01_09_2022,2022,human,clinics,A,na
A82473_1,USZ42,20221001USZ42,Zurich,Zurich,01_10_2022,2022,human,clinics,B2,1193
A82475_1,USZ44,20221101USZ44,Zurich,Zurich,01_11_2022,2022,human,clinics,B2,1193
A82476_1,USZ45,20221101USZ45,Zurich,Zurich,01_11_2022,2022,human,clinics,F,12
A82477_1,USZ46,20221101USZ46,Zurich,Zurich,01_11_2022,2022,human,clinics,F,1722
A82478_1,USZ47,20221101USZ47,Zurich,Zurich,01_11_2022,2022,human,clinics,B2,131
A82479_1,USZ48,20221101USZ48,Zurich,Zurich,01_11_2022,2022,human,clinics,B2,1193
A82480_1,USZ49,20221101USZ49,Zurich,Zurich,01_11_2022,2022,human,clinics,A,10
A82482_1,USZ50,20221101USZ50,Zurich,Zurich,01_11_2022,2022,human,clinics,D,69
A82483_1,USZ51,20221101USZ51,Zurich,Zurich,01_11_2022,2022,human,clinics,D,349
A82484_1,USZ52,20221101USZ52,Zurich,Zurich,01_11_2022,2022,human,clinics,B1,1431
A82485_1,USZ53,20221101USZ53,Zurich,Zurich,01_11_2022,2022,human,clinics,A,10
A82486_1,USZ54,20221201USZ54,Zurich,Zurich,01_12_2022,2022,human,clinics,D,69
A82487_1,USZ55,20221201USZ55,Zurich,Zurich,01_12_2022,2022,human,clinics,B2,131
A82488_1,USZ56,20221201USZ56,Zurich,Zurich,01_12_2022,2022,human,clinics,B1,666
A82489_1,USZ57,20221201USZ57,Zurich,Zurich,01_12_2022,2022,human,clinics,A,10
A82490_1,USZ58,20221201USZ58,Zurich,Zurich,01_12_2022,2022,human,clinics,B1,666
A82491_1,USZ59,20221201USZ59,Zurich,Zurich,01_12_2022,2022,human,clinics,B1,120
A82492_1,USZ6,20220201USZ6,Zurich,Zurich,01_02_2022,2022,human,clinics,B2,131
A82493_1,USZ60,20221201USZ60,Zurich,Zurich,01_12_2022,2022,human,clinics,B2,1193
A82494_1,USZ61,20221201USZ61,Zurich,Zurich,01_12_2022,2022,human,clinics,D,69
A82495_1,USZ62,20221201USZ62,Zurich,Zurich,01_12_2022,2022,human,clinics,D,10
A82496_1,USZ63,20221201USZ63,Zurich,Zurich,01_12_2022,2022,human,clinics,D,38
A82497_1,USZ64,20221201USZ64,Zurich,Zurich,01_12_2022,2022,human,clinics,G,1193
A82498_1,USZ65,20221201USZ65,Zurich,Zurich,01_12_2022,2022,human,clinics,D,38
A82499_1,USZ66,20221201USZ66,Zurich,Zurich,01_12_2022,2022,human,clinics,B2,131
A82500_1,USZ67,20221201USZ67,Zurich,Zurich,01_12_2022,2022,human,clinics,A,44
A82501_1,USZ68,20221201USZ68,Zurich,Zurich,01_12_2022,2022,human,clinics,D,69
A82502_1,USZ69,20221201USZ69,Zurich,Zurich,01_12_2022,2022,human,clinics,A,10
A82503_1,USZ7,20220201USZ7,Zurich,Zurich,01_02_2022,2022,human,clinics,B2,1193
A82504_1,USZ70,20221201USZ70,Zurich,Zurich,01_12_2022,2022,human,clinics,D,69
A82505_1,USZ71,20221201USZ71,Zurich,Zurich,01_12_2022,2022,human,clinics,B2,131
A82506_1,USZ72,20221201USZ72,Zurich,Zurich,01_12_2022,2022,human,clinics,D,69
A82507_1,USZ73,20230101USZ73,Zurich,Zurich,01_01_2023,2023,human,clinics,D,69
A82508_1,USZ74,20230101USZ74,Zurich,Zurich,01_01_2023,2023,human,clinics,B2,131
A82509_1,USZ75,20230101USZ75,Zurich,Zurich,01_01_2023,2023,human,clinics,A,10
A82511_1,USZ77,20230101USZ77,Zurich,Zurich,01_01_2023,2023,human,clinics,F,648
A82512_1,USZ78,20230101USZ78,Zurich,Zurich,01_01_2023,2023,human,clinics,B2,131
A82513_1,USZ79,20230101USZ79,Zurich,Zurich,01_01_2023,2023,human,clinics,B2,131
A82514_1,USZ8,20220301USZ8,Zurich,Zurich,01_03_2022,2022,human,clinics,A,88
A82515_1,USZ80,20230101USZ80,Zurich,Zurich,01_01_2023,2023,human,clinics,A,361
A82516_1,USZ81,20230101USZ81,Zurich,Zurich,01_01_2023,2023,human,clinics,B2,1193
A82517_1,USZ82,20230101USZ82,Zurich,Zurich,01_01_2023,2023,human,clinics,B2,131
A82518_1,USZ83,20230101USZ83,Zurich,Zurich,01_01_2023,2023,human,clinics,F,648
A82520_1,USZ85,20230101USZ85,Zurich,Zurich,01_01_2023,2023,human,clinics,D,69
A82521_1,USZ86,20230101USZ86,Zurich,Zurich,01_01_2023,2023,human,clinics,B2,131
A82522_1,USZ87,20230101USZ87,Zurich,Zurich,01_01_2023,2023,human,clinics,A,na
A82523_1,USZ88,20230101USZ88,Zurich,Zurich,01_01_2023,2023,human,clinics,B2,1193
A82524_1,USZ89,20230101USZ89,Zurich,Zurich,01_01_2023,2023,human,clinics,A,10
A82525_1,USZ9,20220301USZ9,Zurich,Zurich,01_03_2022,2022,human,clinics,B1,1196
A82526_1,ZLMSG1,20220508ZLMSG1,StGallen,Ostschweiz,08_05_2022,2022,human,clinics,B2,131
A82527_1,ZLMSG10,20221007ZLMSG10,StGallen,Ostschweiz,07_10_2022,2022,human,clinics,B2,131
A82528_1,ZLMSG11,20221010ZLMSG11,StGallen,Ostschweiz,10_10_2022,2022,human,clinics,B2,636
A82529_1,ZLMSG12,20221124ZLMSG12,StGallen,Ostschweiz,24_11_2022,2022,human,clinics,B2,131
A82530_1,ZLMSG13,20221220ZLMSG13,StGallen,Ostschweiz,20_12_2022,2022,human,clinics,B2,131
A82531_1,ZLMSG2,20220709ZLMSG2,StGallen,Ostschweiz,09_07_2022,2022,human,clinics,B1,2178
A82532_1,ZLMSG3,20220716ZLMSG3,StGallen,Ostschweiz,16_07_2022,2022,human,clinics,B2,131
A82533_1,ZLMSG4,20220717ZLMSG4,StGallen,Ostschweiz,17_07_2022,2022,human,clinics,G,130
A82534_1,ZLMSG5,20220719ZLMSG5,StGallen,Ostschweiz,19_07_2022,2022,human,clinics,G,130
A82535_1,ZLMSG6,20220808ZLMSG6,StGallen,Ostschweiz,08_08_2022,2022,human,clinics,B2,131
A82536_1,ZLMSG7,20220906ZLMSG7,StGallen,Ostschweiz,06_09_2022,2022,human,clinics,G,130
A82538_1,ZLMSG8,20220917ZLMSG8,StGallen,Ostschweiz,17_09_2022,2022,human,clinics,B1,167
A82540_1,ZLMSG9,20220919ZLMSG9,StGallen,Ostschweiz,19_09_2022,2022,human,clinics,B2,73
A86783_1,L1,20211104L1,Luzern,Zentralschweiz,04_11_2021,2021,cow,cattle,B1,56
A86784_1,L2,20211109L2,StGallen,Ostschweiz,09_11_2021,2021,cow,cattle,B1,5236
A86785_1,L3,20211114L3,Appenzell_Innerrhoden,Ostschweiz,14_11_2021,2021,cow,cattle,A,744
A86786_1,L4,20211203L4,Bern,Mittelland,03_12_2021,2021,cow,cattle,B1,56
A86787_1,L5,20220103L5,Bern,Mittelland,03_01_2022,2022,cow,cattle,B1,3232
A86788_1,L6,20220112L6,Bern,Mittelland,12_01_2022,2022,cow,cattle,B1,56
A86789_1,L7,20220207L7,Bern,Mittelland,07_02_2022,2022,cow,cattle,G,117
A86791_1,L9,20220222L9,Bern,Mittelland,22_02_2022,2022,cow,cattle,B1,5751
A86792_1,L10,20220222L10,Bern,Mittelland,22_02_2022,2022,cow,cattle,B1,5751
A86793_1,L11,20220224L11,Bern,Mittelland,24_02_2022,2022,cow,cattle,D,362
A86794_1,L12,20220307L12,Schwyz,Zentralschweiz,07_03_2022,2022,cow,cattle,E,57
A86795_1,L13,20220317L13,Schwyz,Zentralschweiz,17_03_2022,2022,cow,cattle,A,2035
A86796_1,L14,20220322L14,Bern,Mittelland,22_03_2022,2022,cow,cattle,B1,58
A86797_1,L15,20220406L15,Solothurn,Ostschweiz,06_04_2022,2022,cow,cattle,F,3910
A86798_1,L16,20221129L16,Appenzell_Innerrhoden,Ostschweiz,29_11_2022,2022,cow,cattle,D,69
A86799_1,L17,20221129L17,Appenzell_Innerrhoden,Ostschweiz,29_11_2022,2022,cow,cattle,D,1590
A86800_1,L18r1,20230104L18r1,Solothurn,Ostschweiz,04_01_2023,2023,cow,cattle,B1,58
A86801_1,L18r2,20230104L18r2,Solothurn,Ostschweiz,04_01_2023,2023,cow,cattle,B1,58
A86802_1,L18r3,20230104L18r3,Solothurn,Ostschweiz,04_01_2023,2023,cow,cattle,B1,58
A86803_1,L19r1,20221228L19r1,Solothurn,Ostschweiz,28_12_2022,2022,cow,cattle,B1,58
A86804_1,L19r2,20221228L19r2,Solothurn,Ostschweiz,28_12_2022,2022,cow,cattle,B1,58
A86805_1,L19r3,20221228L19r3,Solothurn,Ostschweiz,28_12_2022,2022,cow,cattle,B1,58
A86806_1,L20r1,20230214L20r1,Basel_City,Nordwestschweiz,14_02_2023,2023,cow,cattle,B1,1079
A86807_1,L20r2,20230214L20r2,Basel_City,Nordwestschweiz,14_02_2023,2023,cow,cattle,B1,1079
A86808_1,L20r3,20230214L20r3,Basel_City,Nordwestschweiz,14_02_2023,2023,cow,cattle,B1,1079
A86809_1,W1r1,20221205W1r1,Bern,Mittelland,05_12_2022,2022,wild boar,wildlife,A,165
A86810_1,W1r2,20221205W1r2,Bern,Mittelland,05_12_2022,2022,wild boar,wildlife,A,165
A86811_1,W1r3,20221205W1r3,Bern,Mittelland,05_12_2022,2022,wild boar,wildlife,A,165
A86812_1,W2r1,20230104W2r1,Wallis,lémanique,04_01_2023,2023,deer,wildlife,B1,517
A86815_1,W3r1,20230120W3r1,Zurich,Zurich,20_01_2023,2023,fox,wildlife,A,10
A86816_1,W3r2,20230120W3r2,Zurich,Zurich,20_01_2023,2023,fox,wildlife,A,10
A86817_1,W3r3,20230120W3r3,Zurich,Zurich,20_01_2023,2023,fox,wildlife,A,10
A86822_1,W5r2,20230204W5r2,AUS,Ostschweiz,04_02_2023,2023,crow,wildlife,A,8149
A86823_1,W5r3,20230204W5r3,AUS,Ostschweiz,04_02_2023,2023,crow,wildlife,F,648
A86827_1,W7r1,20230220W7r1,StGallen,Ostschweiz,20_02_2023,2023,black_headed_gull,wildlife,cryptic,5584
A86828_1,W7r2,20230220W7r2,StGallen,Ostschweiz,20_02_2023,2023,black_headed_gull,wildlife,cryptic,5584
A86829_1,W7r3,20230220W7r3,StGallen,Ostschweiz,20_02_2023,2023,black_headed_gull,wildlife,cryptic,5584
A86830_1,W8r1,20230223W8r1,Ticino,Ticino,23_02_2023,2023,fox,wildlife,D,38
A86831_1,W8r2,20230223W8r2,Ticino,Ticino,23_02_2023,2023,fox,wildlife,E,38
A86832_1,W8r3,20230223W8r3,Ticino,Ticino,23_02_2023,2023,fox,wildlife,E,38
A86833_1,W9r1,20230228W9r1,StGallen,Ostschweiz,28_02_2023,2023,fox,wildlife,A,10
A86834_1,W9r2,20230228W9r2,StGallen,Ostschweiz,28_02_2023,2023,fox,wildlife,A,10
A86835_1,W9r3,20230228W9r3,StGallen,Ostschweiz,28_02_2023,2023,fox,wildlife,A,10
A86836_1,W10r1,20230319W10r1,Zurich,Zurich,19_03_2023,2023,black_headed_gull,wildlife,B2,131
A86837_1,W10r2,20230319W10r2,Zurich,Zurich,19_03_2023,2023,black_headed_gull,wildlife,B2,131
A86838_1,W10r3,20230319W10r3,Zurich,Zurich,19_03_2023,2023,black_headed_gull,wildlife,B2,131
A86846_1,W13r2,20230504W13r2,Zurich,Zurich,04_05_2023,2023,duck,wildlife,B1,224
A86847_1,W13r3,20230504W13r3,Zurich,Zurich,04_05_2023,2023,duck,wildlife,A,2690
A86848_1,W14r1,20230515W14r1,Zurich,Zurich,15_05_2023,2023,duck,wildlife,D,38
A86849_1,W14r2,20230515W14r2,Zurich,Zurich,15_05_2023,2023,duck,wildlife,D,38
A86850_1,W14r3,20230515W14r3,Zurich,Zurich,15_05_2023,2023,duck,wildlife,D,38
A86851_1,W15r1,20230601W15r1,Graubunden,Ostschweiz,01_06_2023,2023,fox,wildlife,B1,2307
A86852_1,W15r2,20230601W15r2,Graubunden,Ostschweiz,01_06_2023,2023,fox,wildlife,D,2307
A86853_1,W15r3,20230601W15r3,Graubunden,Ostschweiz,01_06_2023,2023,fox,wildlife,B1,2307
A86854_1,USZinv1,20220225USZinv1,Zurich,Zurich,25_02_2022,2022,human,clinics,B2,131
A86855_1,USZinv2,20220308USZinv2,Zurich,Zurich,08_03_2022,2022,human,clinics,A,48
A86856_1,USZinv3,20220331USZinv3,Zurich,Zurich,31_03_2022,2022,human,clinics,B2,131
A86857_1,USZinv4,20220511USZinv4,Zurich,Zurich,11_05_2022,2022,human,clinics,B1,971
A86858_1,USZinv5,20220514USZinv5,Zurich,Zurich,14_05_2022,2022,human,clinics,D,7401
A86859_1,USZinv6,20220515USZinv6,Zurich,Zurich,15_05_2022,2022,human,clinics,B2,95
A86860_1,USZinv7,20220518USZinv7,Zurich,Zurich,18_05_2022,2022,human,clinics,A,10
A86861_1,USZinv8,20220518USZinv8,Zurich,Zurich,18_05_2022,2022,human,clinics,B1,448
A86863_1,USZinv10,20220519USZinv10,Zurich,Zurich,19_05_2022,2022,human,clinics,A,10
A86864_1,USZinv11,20220519USZinv11,Zurich,Zurich,19_05_2022,2022,human,clinics,B1,448
A86865_1,USZinv12,20220817USZinv12,Zurich,Zurich,17_08_2022,2022,human,clinics,B2,131
A86867_1,USZinv14,20221106USZinv14,Zurich,Zurich,06_11_2022,2022,human,clinics,B2,1193
A86905_1,20211123gen4,20211123gen4,Geneva,lémanique,23_11_2021,2021,wastewater,wastewater,B2,131
A86906_1,20220215lug2,20220215lug2,Ticino,Ticino,15_02_2022,2022,wastewater,wastewater,D,38
A86907_1,20220215zur2,20220215zur2,Zurich,Zurich,15_02_2022,2022,wastewater,wastewater,B2,131
A86908_1,20220510zur3,20220510zur3,Zurich,Zurich,10_05_2022,2022,wastewater,wastewater,B2,131
A86910_1,20221122chu5,20221122chu5,Graubunden,Ostschweiz,22_11_2022,2022,wastewater,wastewater,F,8881
A86911_1,20221122lug1,20221122Lug1,Ticino,Ticino,22_11_2022,2022,wastewater,wastewater,B2,131
A86912_1,KSGR69,20221016KSGR69,Graubunden,Ostschweiz,16_10_2022  15:38:00,2022,human,clinics,A,10
A86913_1,USB11,20220107USB11,Bern,Mittelland,07_01_2022,2022,human,clinics,D,69
A86914_1,USB2,20211108USB2,Bern,Mittelland,08_11_2021,2021,human,clinics,A,8867
A86915_1,USZ84,20230101USZ84,Zurich,Zurich,01_01_2023,2023,human,clinics,B2,131
A86920_1,20220705lug6,20220705lug6,Ticino,Ticino,05_07_2022,2022,wastewater,wastewater,A,5264
A86921_1,20220802lug2,20220802lug2,Ticino,Ticino,02_08_2022,2022,wastewater,wastewater,A,1139
A86922_1,20220830alt6,20220830alt6,StGallen,Ostschweiz,30_08_2022,2022,wastewater,wastewater,D,38
A86923_1,20220830gen8,20220830gen8,Geneva,lémanique,30_08_2022,2022,wastewater,wastewater,F,648
A86924_1,20220830zur6,20220830zur6,Zurich,Zurich,30_08_2022,2022,wastewater,wastewater,B1,155
A86925_1,20221122chu10,20221122chu10,Graubunden,Ostschweiz,22_11_2022,2022,wastewater,wastewater,A,410
A86926_1,20221122zur2,20221122zur2,Zurich,Zurich,22_11_2022,2022,wastewater,wastewater,B1,58
A86927_1,20231029chu1,20231029chu1,Graubunden,Ostschweiz,29_10_2023,2023,wastewater,wastewater,A,10
A86928_1,20231029chu2,20231029chu2,Graubunden,Ostschweiz,29_10_2023,2023,wastewater,wastewater,A,10
A86929_1,20231029chu3,20231029chu3,Graubunden,Ostschweiz,29_10_2023,2023,wastewater,wastewater,A,167
A86930_1,20231029chu4,20231029chu4,Graubunden,Ostschweiz,29_10_2023,2023,wastewater,wastewater,A,10
A86931_1,20231029chu5,20231029chu5,Graubunden,Ostschweiz,29_10_2023,2023,wastewater,wastewater,A,10
A86932_1,20231029zur1,20231029zur1,Zurich,Zurich,29_10_2023,2023,wastewater,wastewater,B1,642
A86933_1,20231029zur2,20231029zur2,Zurich,Zurich,29_10_2023,2023,wastewater,wastewater,D,na
A86934_1,20231029zur3,20231029zur3,Zurich,Zurich,29_10_2023,2023,wastewater,wastewater,B1,58
A86935_1,20231029zur4,20231029zur4,Zurich,Zurich,29_10_2023,2023,wastewater,wastewater,B2,131
A86936_1,20231029zur5,20231029zur5,Zurich,Zurich,29_10_2023,2023,wastewater,wastewater,B1,5614
A86937_1,20231030lug1,20231030lug1,Ticino,Ticino,29_10_2023,2023,wastewater,wastewater,B2,131
A86938_1,20231030lug2,20231030lug2,Ticino,Ticino,29_10_2023,2023,wastewater,wastewater,D,69
A86939_1,20231030lug3,20231030lug3,Ticino,Ticino,29_10_2023,2023,wastewater,wastewater,B2,1193
A86940_1,20231030lug4,20231030lug4,Ticino,Ticino,29_10_2023,2023,wastewater,wastewater,A,540
A86941_1,20231030lug5,20231030lug5,Ticino,Ticino,29_10_2023,2023,wastewater,wastewater,B1,2179
A86942_1,20231030sen1,20231030sen1,Bern,Mittelland,29_10_2023,2023,wastewater,wastewater,D,69
A86943_1,20231030sen2,20231030sen2,Bern,Mittelland,29_10_2023,2023,wastewater,wastewater,D,69
A86944_1,20231030sen3,20231030sen3,Bern,Mittelland,29_10_2023,2023,wastewater,wastewater,D,38
A86945_1,20231030sen4,20231030sen4,Bern,Mittelland,29_10_2023,2023,wastewater,wastewater,D,69
A86947_1,20231030alt1,20231030alt1,StGallen,Ostschweiz,29_10_2023,2023,wastewater,wastewater,B2,131
A86948_1,20231030alt2,20231030alt2,StGallen,Ostschweiz,29_10_2023,2023,wastewater,wastewater,B1,295
A86949_1,20231030alt3,20231030alt3,StGallen,Ostschweiz,29_10_2023,2023,wastewater,wastewater,D,10936
A86950_1,20231030alt4,20231030alt4,StGallen,Ostschweiz,29_10_2023,2023,wastewater,wastewater,B1,295
A86951_1,20231030alt5,20231030alt5,StGallen,Ostschweiz,29_10_2023,2023,wastewater,wastewater,B2,1193
A86952_1,20231031gen1,20231031gen1,Geneva,lémanique,29_10_2023,2023,wastewater,wastewater,B2,998
A86954_1,20231031gen3,20231031gen3,Geneva,lémanique,29_10_2023,2023,wastewater,wastewater,B2,131
A86955_1,20231031gen4,20231031gen4,Geneva,lémanique,29_10_2023,2023,wastewater,wastewater,G,131
A86956_1,20231031gen5,20231031gen5,Geneva,lémanique,29_10_2023,2023,wastewater,wastewater,A,226